{
  "project_info": {
    "project_number": "664329935712",
    "project_id": "pregnancy-planner",
    "storage_bucket": "pregnancy-planner.appspot.com"
  },
  "client": [
    {
      "client_info": {
        "mobilesdk_app_id": "1:664329935712:android:d4bd9b1a7dc28aa4ca9c05",
        "android_client_info": {
          "package_name": "com.example.remotemonitoringapp"
        }
      },
      "oauth_client": [
        {
          "client_id": "664329935712-2ptkbosus3f0f1c4pojq7pfavflsieam.apps.googleusercontent.com",
          "client_type": 3
        }
      ],
      "api_key": [
        {
          "current_key": "AIzaSyDEF_dVk3zB1w6XhkPjaNbLoHzJmJbNoJk"
        }
      ],
      "services": {
        "appinvite_service": {
          "other_platform_oauth_client": [
            {
              "client_id": "664329935712-2ptkbosus3f0f1c4pojq7pfavflsieam.apps.googleusercontent.com",
              "client_type": 3
            }
          ]
        }
      }
    }
  ],
  "configuration_version": "1"
}